"Run","Run ID","metric","step","timestamp","value"
"powerful-snake-57","f8bbbea63def4d5a88a95056564779a9","loss","10","1761884192934","2.6592"
"powerful-snake-57","f8bbbea63def4d5a88a95056564779a9","loss","20","1761884246039","1.3581"
"powerful-snake-57","f8bbbea63def4d5a88a95056564779a9","loss","30","1761884298959","0.2137"
"powerful-snake-57","f8bbbea63def4d5a88a95056564779a9","loss","40","1761884351950","0.1157"
"powerful-snake-57","f8bbbea63def4d5a88a95056564779a9","loss","50","1761884404951","0.0935"
"powerful-snake-57","f8bbbea63def4d5a88a95056564779a9","loss","60","1761884458869","0.0852"
"powerful-snake-57","f8bbbea63def4d5a88a95056564779a9","loss","70","1761884512132","0.0761"
"powerful-snake-57","f8bbbea63def4d5a88a95056564779a9","loss","80","1761884564999","0.0765"
"powerful-snake-57","f8bbbea63def4d5a88a95056564779a9","loss","90","1761884618063","0.0713"
"powerful-snake-57","f8bbbea63def4d5a88a95056564779a9","loss","100","1761884671222","0.0683"
"powerful-snake-57","f8bbbea63def4d5a88a95056564779a9","loss","110","1761884724840","0.0627"
"powerful-snake-57","f8bbbea63def4d5a88a95056564779a9","loss","120","1761884777760","0.0688"
"powerful-snake-57","f8bbbea63def4d5a88a95056564779a9","loss","130","1761884830680","0.0653"
"powerful-snake-57","f8bbbea63def4d5a88a95056564779a9","loss","140","1761884883649","0.065"
"powerful-snake-57","f8bbbea63def4d5a88a95056564779a9","loss","150","1761884936721","0.0626"
"powerful-snake-57","f8bbbea63def4d5a88a95056564779a9","loss","160","1761884990445","0.0598"
"powerful-snake-57","f8bbbea63def4d5a88a95056564779a9","loss","170","1761885043438","0.0648"
"powerful-snake-57","f8bbbea63def4d5a88a95056564779a9","loss","180","1761885096401","0.0617"
"powerful-snake-57","f8bbbea63def4d5a88a95056564779a9","loss","190","1761885149385","0.0605"
"powerful-snake-57","f8bbbea63def4d5a88a95056564779a9","loss","200","1761885202243","0.0548"
"powerful-snake-57","f8bbbea63def4d5a88a95056564779a9","loss","210","1761885255681","0.0605"
"powerful-snake-57","f8bbbea63def4d5a88a95056564779a9","loss","220","1761885308527","0.0602"
"powerful-snake-57","f8bbbea63def4d5a88a95056564779a9","loss","230","1761885361385","0.0529"
"powerful-snake-57","f8bbbea63def4d5a88a95056564779a9","loss","240","1761885414261","0.0559"
"powerful-snake-57","f8bbbea63def4d5a88a95056564779a9","loss","250","1761885467119","0.055"
"powerful-snake-57","f8bbbea63def4d5a88a95056564779a9","loss","260","1761885520529","0.0571"
"powerful-snake-57","f8bbbea63def4d5a88a95056564779a9","loss","270","1761885573380","0.0599"
"powerful-snake-57","f8bbbea63def4d5a88a95056564779a9","loss","280","1761885626229","0.0546"
"powerful-snake-57","f8bbbea63def4d5a88a95056564779a9","loss","290","1761885679072","0.0556"
"powerful-snake-57","f8bbbea63def4d5a88a95056564779a9","loss","300","1761885731879","0.0572"
